price_hub,year,month,avg_price_usd_mwh,max_price_usd_mwh,min_price_usd_mwh,total_volume_mwh,number_of_trades
Nepool MH DA LMP Peak,2017.0,1.0,44.1315,89.5,31.5,436000.0,529
NP15 EZ Gen DA LMP Peak,2017.0,1.0,37.30333333333333,43.5,34.75,35600.0,62
Indiana Hub RT Peak,2017.0,1.0,36.92333333333333,44.85,29.0,89600.0,109
SP15 EZ Gen DA LMP Peak,2017.0,1.0,35.445,40.0,32.0,282400.0,435
PJM WH Real Time Peak,2017.0,1.0,33.87238095238096,53.25,26.85,700800.0,835
Mid C Peak,2017.0,1.0,32.2505,48.0,25.75,836800.0,1645
Palo Verde Peak,2017.0,1.0,26.788,32.75,23.0,220000.0,432
ERCOT North 345KV Peak,2017.0,1.0,25.6675,35.0,20.25,73600.0,86
Nepool MH DA LMP Peak,2017.0,2.0,33.39176470588235,56.0,21.0,396000.0,459
NP15 EZ Gen DA LMP Peak,2017.0,2.0,33.041111111111114,37.5,27.75,12000.0,26
Indiana Hub RT Peak,2017.0,2.0,31.8,35.75,28.55,56800.0,71
PJM WH Real Time Peak,2017.0,2.0,29.153000000000002,37.5,24.85,728000.0,861
SP15 EZ Gen DA LMP Peak,2017.0,2.0,28.381666666666668,34.25,21.25,255200.0,434
ERCOT North 345KV Peak,2017.0,2.0,22.73909090909091,26.0,19.5,32800.0,33
Mid C Peak,2017.0,2.0,22.65157894736842,34.0,14.5,848000.0,1561
Palo Verde Peak,2017.0,2.0,21.59526315789474,25.0,14.0,152000.0,297
Nepool MH DA LMP Peak,2017.0,3.0,38.858636363636364,69.0,21.0,396800.0,464
PJM WH Real Time Peak,2017.0,3.0,34.667391304347824,59.0,26.0,766400.0,922
Indiana Hub RT Peak,2017.0,3.0,33.3075,45.0,27.0,68000.0,82
NP15 EZ Gen DA LMP Peak,2017.0,3.0,25.05666666666667,32.75,14.75,37200.0,68
ERCOT North 345KV Peak,2017.0,3.0,24.41111111111111,30.75,20.0,12000.0,15
SP15 EZ Gen DA LMP Peak,2017.0,3.0,23.45391304347826,33.25,13.5,320400.0,552
Palo Verde Peak,2017.0,3.0,21.083478260869565,33.0,13.5,150000.0,297
Mid C Peak,2017.0,3.0,13.454782608695652,25.0,-2.0,998400.0,1999
Indiana Hub RT Peak,2017.0,4.0,34.74625,38.0,29.0,20800.0,26
PJM WH Real Time Peak,2017.0,4.0,34.27842105263158,37.75,28.05,454400.0,541
Nepool MH DA LMP Peak,2017.0,4.0,33.209999999999994,43.0,27.75,382400.0,446
Palo Verde Peak,2017.0,4.0,28.757368421052632,40.0,21.5,170400.0,329
NP15 EZ Gen DA LMP Peak,2017.0,4.0,27.798571428571428,33.0,22.0,11200.0,24
SP15 EZ Gen DA LMP Peak,2017.0,4.0,27.65315789473684,35.5,21.0,250400.0,428
ERCOT North 345KV Peak,2017.0,4.0,23.25,24.25,22.5,4000.0,5
Mid C Peak,2017.0,4.0,14.082631578947368,24.5,-0.25,631600.0,1282
Indiana Hub RT Peak,2017.0,5.0,36.58818181818182,49.0,31.0,23200.0,29
NP15 EZ Gen DA LMP Peak,2017.0,5.0,36.51777777777778,53.0,24.25,40000.0,95
PJM WH Real Time Peak,2017.0,5.0,34.646190476190476,65.5,28.0,672800.0,782
Nepool MH DA LMP Peak,2017.0,5.0,33.24944444444444,62.5,22.85,364000.0,422
SP15 EZ Gen DA LMP Peak,2017.0,5.0,31.978571428571428,46.0,22.5,338400.0,559
Palo Verde Peak,2017.0,5.0,29.515238095238097,41.0,20.0,188000.0,377
ERCOT North 345KV Peak,2017.0,5.0,24.91,27.0,22.0,16800.0,15
Mid C Peak,2017.0,5.0,17.73095238095238,33.5,3.5,778800.0,1572
NP15 EZ Gen DA LMP Peak,2017.0,6.0,57.583333333333336,87.0,30.0,19200.0,44
Palo Verde Peak,2017.0,6.0,41.91181818181818,165.0,22.0,251600.0,505
SP15 EZ Gen DA LMP Peak,2017.0,6.0,38.018181818181816,87.0,20.5,438800.0,803
Indiana Hub RT Peak,2017.0,6.0,36.251875,58.0,27.0,40000.0,50
ERCOT North 345KV Peak,2017.0,6.0,32.492,35.5,28.5,9600.0,12
PJM WH Real Time Peak,2017.0,6.0,31.48818181818182,55.5,23.9,639200.0,766
Nepool MH DA LMP Peak,2017.0,6.0,30.110454545454544,56.0,21.0,380000.0,413
Mid C Peak,2017.0,6.0,16.31863636363636,32.25,-1.0,1032400.0,2041
NP15 EZ Gen DA LMP Peak,2017.0,7.0,51.2625,75.0,38.25,5600.0,8
SP15 EZ Gen DA LMP Peak,2017.0,7.0,44.2725,78.0,38.15,311600.0,522
Palo Verde Peak,2017.0,7.0,40.522000000000006,91.5,27.75,195600.0,422
ERCOT North 345KV Peak,2017.0,7.0,40.470000000000006,55.0,35.5,20800.0,21
Indiana Hub RT Peak,2017.0,7.0,37.1,53.0,30.0,23200.0,29
PJM WH Real Time Peak,2017.0,7.0,35.794,55.0,28.65,684800.0,802
Nepool MH DA LMP Peak,2017.0,7.0,34.60052631578947,58.25,25.0,406400.0,443
Mid C Peak,2017.0,7.0,33.466499999999996,95.0,18.0,741200.0,1513
NP15 EZ Gen DA LMP Peak,2017.0,8.0,88.01666666666667,135.0,33.35,12800.0,29
SP15 EZ Gen DA LMP Peak,2017.0,8.0,59.76045454545454,145.0,30.5,422400.0,857
Palo Verde Peak,2017.0,8.0,54.689130434782605,160.0,24.0,242000.0,499
Mid C Peak,2017.0,8.0,51.710869565217386,145.0,23.0,776400.0,1567
Indiana Hub RT Peak,2017.0,8.0,32.730000000000004,39.0,27.25,5600.0,7
ERCOT North 345KV Peak,2017.0,8.0,32.324444444444445,35.75,26.5,12000.0,15
PJM WH Real Time Peak,2017.0,8.0,31.270434782608696,44.0,24.0,431200.0,508
Nepool MH DA LMP Peak,2017.0,8.0,30.209999999999997,48.5,18.5,420800.0,484
Indiana Hub RT Peak,2017.0,9.0,49.24333333333333,82.5,30.45,35200.0,43
NP15 EZ Gen DA LMP Peak,2017.0,9.0,38.25111111111111,45.0,31.25,16400.0,40
SP15 EZ Gen DA LMP Peak,2017.0,9.0,37.443,84.0,29.0,176800.0,376
PJM WH Real Time Peak,2017.0,9.0,36.5035,74.0,21.85,607200.0,733
Palo Verde Peak,2017.0,9.0,33.957499999999996,105.0,25.25,151600.0,300
Nepool MH DA LMP Peak,2017.0,9.0,31.34111111111111,60.0,18.75,336000.0,381
Mid C Peak,2017.0,9.0,28.6,96.0,19.0,542400.0,1087
ERCOT North 345KV Peak,2017.0,9.0,27.68,30.5,26.25,5600.0,7
NP15 EZ Gen DA LMP Peak,2017.0,10.0,70.6,107.0,35.75,12800.0,32
SP15 EZ Gen DA LMP Peak,2017.0,10.0,48.57681818181818,135.0,32.75,297600.0,608
Indiana Hub RT Peak,2017.0,10.0,35.614444444444445,40.35,32.75,12800.0,16
Nepool MH DA LMP Peak,2017.0,10.0,35.609047619047615,56.25,22.5,308800.0,369
Palo Verde Peak,2017.0,10.0,35.518181818181816,102.0,23.5,196800.0,416
PJM WH Real Time Peak,2017.0,10.0,33.58590909090909,53.5,26.75,513600.0,613
ERCOT North 345KV Peak,2017.0,10.0,28.833333333333332,36.0,24.5,2400.0,3
Mid C Peak,2017.0,10.0,26.66409090909091,38.0,22.0,536400.0,1085
SP15 EZ Gen DA LMP Peak,2017.0,11.0,45.95055555555555,60.0,36.5,310800.0,543
NP15 EZ Gen DA LMP Peak,2017.0,11.0,44.826,54.0,39.0,4800.0,8
Nepool MH DA LMP Peak,2017.0,11.0,37.37388888888889,70.0,19.0,333600.0,395
PJM WH Real Time Peak,2017.0,11.0,34.27095238095238,63.0,24.5,640800.0,759
Indiana Hub RT Peak,2017.0,11.0,33.86909090909091,39.85,29.5,28000.0,34
Palo Verde Peak,2017.0,11.0,28.49631578947368,43.5,22.5,149200.0,268
Mid C Peak,2017.0,11.0,26.200526315789475,47.0,21.0,574800.0,1022
ERCOT North 345KV Peak,2017.0,11.0,25.653333333333332,27.5,22.75,4800.0,6
Nepool MH DA LMP Peak,2017.0,12.0,86.136,215.0,32.0,299200.0,351
PJM WH Real Time Peak,2017.0,12.0,51.61,200.0,25.4,784800.0,936
SP15 EZ Gen DA LMP Peak,2017.0,12.0,48.42333333333333,58.0,39.0,158800.0,324
Indiana Hub RT Peak,2017.0,12.0,39.93692307692308,95.0,28.0,61600.0,77
NP15 EZ Gen DA LMP Peak,2017.0,12.0,39.660000000000004,43.0,36.75,8400.0,21
Mid C Peak,2017.0,12.0,28.008,38.0,21.0,562800.0,1164
Palo Verde Peak,2017.0,12.0,27.057499999999997,32.0,22.5,116800.0,238
ERCOT North 345KV Peak,2017.0,12.0,23.333333333333332,25.5,21.5,8000.0,7
Nepool MH DA LMP Peak,2018.0,1.0,107.12750000000001,335.0,33.5,408000.0,488
PJM WH Real Time Peak,2018.0,1.0,71.1405,450.0,25.75,772800.0,928
Indiana Hub RT Peak,2018.0,1.0,46.59866666666667,150.0,27.25,53600.0,67
SP15 EZ Gen DA LMP Peak,2018.0,1.0,36.69470588235294,53.0,30.0,142800.0,271
ERCOT North 345KV Peak,2018.0,1.0,35.74125,80.0,25.0,12800.0,16
NP15 EZ Gen DA LMP Peak,2018.0,1.0,34.0,35.0,33.0,800.0,2
Palo Verde Peak,2018.0,1.0,26.95421052631579,50.0,21.5,149200.0,284
Mid C Peak,2018.0,1.0,21.72157894736842,35.75,15.0,764800.0,1457
NP15 EZ Gen DA LMP Peak,2018.0,2.0,47.105000000000004,75.0,27.75,6800.0,17
Nepool MH DA LMP Peak,2018.0,2.0,42.708333333333336,95.0,23.0,293600.0,347
SP15 EZ Gen DA LMP Peak,2018.0,2.0,40.14375,120.0,22.0,188000.0,384
Indiana Hub RT Peak,2018.0,2.0,32.45230769230769,38.5,26.0,20000.0,25
PJM WH Real Time Peak,2018.0,2.0,29.934000000000005,59.0,22.5,636000.0,739
Palo Verde Peak,2018.0,2.0,27.3721052631579,70.0,17.25,100000.0,197
ERCOT North 345KV Peak,2018.0,2.0,25.266666666666666,33.0,20.25,52800.0,48
Mid C Peak,2018.0,2.0,21.849473684210526,52.0,5.5,844400.0,1590
Nepool MH DA LMP Peak,2018.0,3.0,38.45722222222222,66.0,24.5,279200.0,339
PJM WH Real Time Peak,2018.0,3.0,37.33904761904762,60.0,25.0,600800.0,719
NP15 EZ Gen DA LMP Peak,2018.0,3.0,34.13,34.5,33.75,800.0,2
Indiana Hub RT Peak,2018.0,3.0,32.375,33.75,31.0,2400.0,3
SP15 EZ Gen DA LMP Peak,2018.0,3.0,32.347500000000004,50.0,0.0,195600.0,364
ERCOT North 345KV Peak,2018.0,3.0,27.86,31.0,24.0,40800.0,47
Palo Verde Peak,2018.0,3.0,24.686666666666664,34.0,17.25,119600.0,239
Mid C Peak,2018.0,3.0,20.677142857142858,33.0,13.0,795200.0,1438
Nepool MH DA LMP Peak,2018.0,4.0,49.05722222222222,85.0,26.0,476000.0,540
PJM WH Real Time Peak,2018.0,4.0,38.00142857142857,50.0,29.75,608800.0,735
NP15 EZ Gen DA LMP Peak,2018.0,4.0,35.644999999999996,41.0,28.5,2800.0,7
SP15 EZ Gen DA LMP Peak,2018.0,4.0,28.976499999999998,42.5,14.0,165600.0,331
ERCOT North 345KV Peak,2018.0,4.0,28.398000000000003,32.0,24.5,28800.0,32
Palo Verde Peak,2018.0,4.0,25.643809523809523,50.0,15.25,152000.0,309
Mid C Peak,2018.0,4.0,18.656666666666666,26.5,1.0,870400.0,1728
PJM WH Real Time Peak,2018.0,5.0,44.63863636363636,65.0,31.0,942400.0,1138
ERCOT North 345KV Peak,2018.0,5.0,34.53,43.0,30.75,5600.0,7
Nepool MH DA LMP Peak,2018.0,5.0,28.127499999999998,37.5,23.25,355200.0,397
SP15 EZ Gen DA LMP Peak,2018.0,5.0,25.00772727272727,35.5,10.0,160400.0,301
Palo Verde Peak,2018.0,5.0,22.582727272727272,45.0,13.0,196400.0,388
Mid C Peak,2018.0,5.0,12.569545454545455,24.0,-1.0,926000.0,1865
ERCOT North 345KV Peak,2018.0,6.0,40.5,43.0,37.0,8800.0,11
PJM WH Real Time Peak,2018.0,6.0,37.096666666666664,77.0,27.25,648800.0,751
NP15 EZ Gen DA LMP Peak,2018.0,6.0,36.416666666666664,41.0,28.5,2800.0,7
SP15 EZ Gen DA LMP Peak,2018.0,6.0,33.7975,45.0,23.0,185200.0,341
Palo Verde Peak,2018.0,6.0,33.31904761904762,46.25,20.0,228400.0,429
Nepool MH DA LMP Peak,2018.0,6.0,32.874736842105264,61.0,25.5,313600.0,367
Mid C Peak,2018.0,6.0,18.01142857142857,29.0,8.0,690000.0,1462
NP15 EZ Gen DA LMP Peak,2018.0,7.0,157.34285714285716,230.0,63.25,22000.0,47
Palo Verde Peak,2018.0,7.0,115.18285714285715,385.0,33.0,242800.0,510
SP15 EZ Gen DA LMP Peak,2018.0,7.0,113.21095238095238,330.0,32.75,314000.0,693
Mid C Peak,2018.0,7.0,79.08714285714285,250.0,24.5,461200.0,932
PJM WH Real Time Peak,2018.0,7.0,40.73761904761905,69.0,32.5,593600.0,701
Nepool MH DA LMP Peak,2018.0,7.0,40.537142857142854,72.0,31.75,419200.0,481
NP15 EZ Gen DA LMP Peak,2018.0,8.0,95.959,220.0,45.0,38400.0,80
SP15 EZ Gen DA LMP Peak,2018.0,8.0,93.05619047619048,360.0,34.75,290400.0,605
Palo Verde Peak,2018.0,8.0,88.13636363636364,400.0,25.0,265200.0,525
Mid C Peak,2018.0,8.0,72.72478260869566,310.0,19.25,517600.0,1078
Nepool MH DA LMP Peak,2018.0,8.0,49.210909090909084,100.0,30.0,508000.0,607
PJM WH Real Time Peak,2018.0,8.0,39.70869565217391,55.0,28.4,406400.0,496
Indiana Hub RT Peak,2018.0,8.0,36.125,43.0,30.75,5600.0,7
Indiana Hub RT Peak,2018.0,9.0,44.1975,63.5,30.0,56000.0,69
PJM WH Real Time Peak,2018.0,9.0,40.68631578947368,55.0,29.5,533600.0,641
Nepool MH DA LMP Peak,2018.0,9.0,39.803333333333335,69.0,31.0,290400.0,354
SP15 EZ Gen DA LMP Peak,2018.0,9.0,38.86210526315789,47.0,27.0,286400.0,489
Palo Verde Peak,2018.0,9.0,30.271499999999996,40.0,22.0,135600.0,265
Mid C Peak,2018.0,9.0,29.044736842105266,40.25,23.75,405200.0,847
NP15 EZ Gen DA LMP Peak,2018.0,10.0,48.93571428571429,82.0,40.0,7200.0,17
Indiana Hub RT Peak,2018.0,10.0,46.714444444444446,70.35,34.5,32800.0,41
Mid C Peak,2018.0,10.0,45.24391304347826,150.0,23.0,616800.0,1327
SP15 EZ Gen DA LMP Peak,2018.0,10.0,42.70695652173913,80.0,33.0,204400.0,439
Nepool MH DA LMP Peak,2018.0,10.0,42.59913043478261,64.0,31.75,401600.0,494
PJM WH Real Time Peak,2018.0,10.0,38.29869565217391,55.0,30.0,500000.0,603
Palo Verde Peak,2018.0,10.0,31.089130434782607,40.0,23.0,225600.0,472
NP15 EZ Gen DA LMP Peak,2018.0,11.0,69.27250000000001,94.0,44.5,7200.0,16
Nepool MH DA LMP Peak,2018.0,11.0,65.09,138.0,33.05,370400.0,451
SP15 EZ Gen DA LMP Peak,2018.0,11.0,60.59,115.0,39.0,98800.0,193
Mid C Peak,2018.0,11.0,56.16473684210527,100.0,19.0,614400.0,1109
Indiana Hub RT Peak,2018.0,11.0,42.92777777777778,50.25,34.5,16800.0,21
PJM WH Real Time Peak,2018.0,11.0,42.83380952380952,68.0,32.75,407200.0,485
Palo Verde Peak,2018.0,11.0,39.671052631578945,70.0,23.0,233600.0,433
NP15 EZ Gen DA LMP Peak,2018.0,12.0,82.6075,107.0,62.0,6800.0,17
Nepool MH DA LMP Peak,2018.0,12.0,61.78928571428571,94.0,32.0,180000.0,222
SP15 EZ Gen DA LMP Peak,2018.0,12.0,60.16866666666667,117.0,39.5,96000.0,198
Mid C Peak,2018.0,12.0,49.554736842105264,112.0,34.0,474800.0,1020
Palo Verde Peak,2018.0,12.0,40.235789473684214,78.0,25.0,194400.0,387
PJM WH Real Time Peak,2018.0,12.0,37.9755,54.0,25.0,292800.0,355
Nepool MH DA LMP Peak,2019.0,1.0,63.58,139.0,29.0,600800.0,734
NP15 EZ Gen DA LMP Peak,2019.0,1.0,47.75,47.75,47.75,400.0,1
Indiana Hub RT Peak,2019.0,1.0,43.386923076923075,100.0,26.5,57600.0,72
SP15 EZ Gen DA LMP Peak,2019.0,1.0,43.170952380952386,55.5,35.0,192000.0,397
PJM WH Real Time Peak,2019.0,1.0,42.068636363636365,116.0,24.5,889600.0,1078
Mid C Peak,2019.0,1.0,32.17190476190476,46.0,25.0,631600.0,1203
ERCOT North 345KV Peak,2019.0,1.0,32.125,34.0,30.0,4800.0,6
Palo Verde Peak,2019.0,1.0,29.426190476190477,40.0,22.0,186800.0,369
NP15 EZ Gen DA LMP Peak,2019.0,2.0,102.826,175.0,68.0,28000.0,51
Mid C Peak,2019.0,2.0,99.02000000000001,240.0,44.0,755600.0,1471
SP15 EZ Gen DA LMP Peak,2019.0,2.0,76.21052631578948,155.0,43.0,392000.0,740
Palo Verde Peak,2019.0,2.0,60.91526315789474,150.0,27.0,285200.0,568
Nepool MH DA LMP Peak,2019.0,2.0,37.35875,56.0,26.0,283200.0,349
Indiana Hub RT Peak,2019.0,2.0,30.845,34.5,27.25,18400.0,23
PJM WH Real Time Peak,2019.0,2.0,28.949,36.0,22.5,372000.0,445
Mid C Peak,2019.0,3.0,77.31,1000.0,18.5,520400.0,1070
NP15 EZ Gen DA LMP Peak,2019.0,3.0,57.496,94.0,33.0,10400.0,26
Nepool MH DA LMP Peak,2019.0,3.0,38.897368421052626,80.0,26.0,548000.0,625
ERCOT North 345KV Peak,2019.0,3.0,38.0,38.0,38.0,800.0,1
Indiana Hub RT Peak,2019.0,3.0,37.9775,53.0,28.25,40800.0,51
SP15 EZ Gen DA LMP Peak,2019.0,3.0,37.08952380952381,75.0,16.0,207200.0,402
PJM WH Real Time Peak,2019.0,3.0,33.906,52.75,24.75,426400.0,506
Palo Verde Peak,2019.0,3.0,26.698571428571427,52.0,7.0,187200.0,384
Nepool MH DA LMP Peak,2019.0,4.0,29.8805,38.5,23.75,400000.0,451
PJM WH Real Time Peak,2019.0,4.0,29.773333333333333,36.0,25.75,336800.0,413
ERCOT North 345KV Peak,2019.0,4.0,29.75,29.75,29.75,800.0,1
SP15 EZ Gen DA LMP Peak,2019.0,4.0,25.5,41.5,17.5,192000.0,370
Palo Verde Peak,2019.0,4.0,18.65952380952381,30.25,13.0,234400.0,461
Mid C Peak,2019.0,4.0,17.273809523809526,29.0,2.5,722800.0,1457
PJM WH Real Time Peak,2019.0,5.0,29.495454545454546,42.0,24.5,541600.0,650
ERCOT North 345KV Peak,2019.0,5.0,27.0,27.0,27.0,800.0,1
Nepool MH DA LMP Peak,2019.0,5.0,26.226315789473684,30.5,23.75,372800.0,423
SP15 EZ Gen DA LMP Peak,2019.0,5.0,21.261904761904763,27.5,12.0,267600.0,516
NP15 EZ Gen DA LMP Peak,2019.0,5.0,17.03,17.15,17.0,2000.0,5
Mid C Peak,2019.0,5.0,14.59047619047619,26.0,-1.0,610000.0,1160
Palo Verde Peak,2019.0,5.0,12.967619047619047,20.5,5.5,274400.0,531
NP15 EZ Gen DA LMP Peak,2019.0,6.0,40.255,45.25,35.0,3200.0,8
PJM WH Real Time Peak,2019.0,6.0,27.785000000000004,36.0,20.5,320000.0,389
SP15 EZ Gen DA LMP Peak,2019.0,6.0,27.091,55.0,16.0,348800.0,707
Palo Verde Peak,2019.0,6.0,25.942500000000003,70.0,13.5,335600.0,668
Nepool MH DA LMP Peak,2019.0,6.0,25.776111111111113,30.0,22.75,364800.0,419
Mid C Peak,2019.0,6.0,21.8335,75.0,10.0,550400.0,1142
Palo Verde Peak,2019.0,7.0,42.49681818181818,66.0,23.0,320400.0,676
NP15 EZ Gen DA LMP Peak,2019.0,7.0,41.9375,49.5,34.0,4000.0,10
SP15 EZ Gen DA LMP Peak,2019.0,7.0,37.1390909090909,67.0,22.0,372000.0,783
Nepool MH DA LMP Peak,2019.0,7.0,34.860952380952384,48.25,26.0,412800.0,489
ERCOT North 345KV Peak,2019.0,7.0,34.5,34.5,34.5,800.0,1
PJM WH Real Time Peak,2019.0,7.0,33.07681818181818,54.0,23.75,420800.0,513
Mid C Peak,2019.0,7.0,31.020454545454548,56.0,21.0,524800.0,1101
NP15 EZ Gen DA LMP Peak,2019.0,8.0,44.096666666666664,46.0,42.0,4400.0,11
Palo Verde Peak,2019.0,8.0,42.70227272727273,78.0,24.5,330400.0,666
SP15 EZ Gen DA LMP Peak,2019.0,8.0,38.67545454545455,65.5,26.25,425600.0,802
Mid C Peak,2019.0,8.0,32.87681818181818,55.0,25.0,477600.0,960
Nepool MH DA LMP Peak,2019.0,8.0,30.554000000000002,43.0,23.0,397600.0,458
PJM WH Real Time Peak,2019.0,8.0,29.365454545454543,40.5,23.0,272800.0,328
NP15 EZ Gen DA LMP Peak,2019.0,9.0,47.686,61.0,32.0,10800.0,27
SP15 EZ Gen DA LMP Peak,2019.0,9.0,39.698,81.0,26.0,382800.0,772
Palo Verde Peak,2019.0,9.0,34.6105,97.0,19.0,239600.0,481
PJM WH Real Time Peak,2019.0,9.0,32.7195,44.25,24.25,393600.0,475
Mid C Peak,2019.0,9.0,31.488,71.0,21.25,496800.0,1045
Nepool MH DA LMP Peak,2019.0,9.0,24.367222222222225,33.0,20.25,279200.0,325
NP15 EZ Gen DA LMP Peak,2019.0,10.0,41.96333333333333,49.5,33.0,10800.0,27
SP15 EZ Gen DA LMP Peak,2019.0,10.0,38.27173913043478,61.0,28.0,402800.0,866
Mid C Peak,2019.0,10.0,35.151739130434784,65.0,21.75,699600.0,1428
Palo Verde Peak,2019.0,10.0,31.093478260869563,47.5,20.0,151600.0,304
PJM WH Real Time Peak,2019.0,10.0,30.07238095238095,64.0,23.25,316800.0,373
Nepool MH DA LMP Peak,2019.0,10.0,23.42782608695652,27.75,19.25,340000.0,396
SP15 EZ Gen DA LMP Peak,2019.0,11.0,45.74055555555555,58.0,37.0,258000.0,482
NP15 EZ Gen DA LMP Peak,2019.0,11.0,38.0,38.0,38.0,1600.0,2
Palo Verde Peak,2019.0,11.0,37.88333333333333,69.0,25.0,187600.0,331
Nepool MH DA LMP Peak,2019.0,11.0,36.8378947368421,70.0,27.25,336800.0,402
Mid C Peak,2019.0,11.0,36.553333333333335,55.0,23.0,580400.0,1119
ERCOT North 345KV Peak,2019.0,11.0,36.0,36.0,36.0,800.0,1
PJM WH Real Time Peak,2019.0,11.0,33.384,59.75,22.5,517600.0,629
Nepool MH DA LMP Peak,2019.0,12.0,44.28333333333334,117.0,24.0,273600.0,336
SP15 EZ Gen DA LMP Peak,2019.0,12.0,43.05380952380953,54.0,35.0,175600.0,339
NP15 EZ Gen DA LMP Peak,2019.0,12.0,39.0,40.0,38.0,2000.0,3
Mid C Peak,2019.0,12.0,35.00904761904762,48.0,28.0,598400.0,1181
Indiana Hub RT Peak,2019.0,12.0,34.8,35.0,34.2,3200.0,4
Palo Verde Peak,2019.0,12.0,27.965238095238096,39.0,20.0,202400.0,390
PJM WH Real Time Peak,2019.0,12.0,27.20380952380952,44.0,20.0,320000.0,389
SP15 EZ Gen DA LMP Peak,2020.0,1.0,33.138571428571424,47.0,24.5,275200.0,484
Indiana Hub RT Peak,2020.0,1.0,32.6,33.0,32.0,4000.0,5
Nepool MH DA LMP Peak,2020.0,1.0,28.91764705882353,60.0,20.0,526400.0,569
NP15 EZ Gen DA LMP Peak,2020.0,1.0,27.84,28.0,27.75,1600.0,4
PJM WH Real Time Peak,2020.0,1.0,24.768571428571427,32.5,20.75,228000.0,280
Mid C Peak,2020.0,1.0,24.634761904761906,40.0,13.5,559200.0,1160
Palo Verde Peak,2020.0,1.0,17.366190476190475,25.0,9.0,219200.0,430
NP15 EZ Gen DA LMP Peak,2020.0,2.0,29.9025,32.0,28.0,6800.0,17
SP15 EZ Gen DA LMP Peak,2020.0,2.0,27.529375,34.5,22.0,208000.0,363
Nepool MH DA LMP Peak,2020.0,2.0,25.321111111111108,38.0,21.25,560800.0,524
Indiana Hub RT Peak,2020.0,2.0,24.05,24.1,24.0,1600.0,2
PJM WH Real Time Peak,2020.0,2.0,22.335263157894737,29.0,19.0,212000.0,255
Mid C Peak,2020.0,2.0,18.18842105263158,29.25,11.25,479200.0,951
Palo Verde Peak,2020.0,2.0,16.89578947368421,26.0,9.0,120800.0,237
NP15 EZ Gen DA LMP Peak,2020.0,3.0,33.375,35.25,31.5,1200.0,3
SP15 EZ Gen DA LMP Peak,2020.0,3.0,25.7845,36.0,13.5,155200.0,311
Mid C Peak,2020.0,3.0,24.510454545454547,45.0,13.5,476800.0,1010
Palo Verde Peak,2020.0,3.0,22.605,39.5,9.5,145600.0,302
Indiana Hub RT Peak,2020.0,3.0,21.75,21.75,21.75,800.0,1
PJM WH Real Time Peak,2020.0,3.0,21.13095238095238,26.5,18.1,213600.0,261
Nepool MH DA LMP Peak,2020.0,3.0,19.1555,22.5,16.0,240000.0,262
Indiana Hub RT Peak,2020.0,4.0,23.276666666666667,23.45,23.0,6400.0,8
Nepool MH DA LMP Peak,2020.0,4.0,20.242222222222225,23.5,16.0,130400.0,151
PJM WH Real Time Peak,2020.0,4.0,19.784761904761904,24.55,15.75,204000.0,242
NP15 EZ Gen DA LMP Peak,2020.0,4.0,18.3,23.0,13.5,4400.0,6
SP15 EZ Gen DA LMP Peak,2020.0,4.0,18.012,27.0,10.0,275600.0,480
Mid C Peak,2020.0,4.0,17.86857142857143,27.0,11.5,607200.0,1162
Palo Verde Peak,2020.0,4.0,17.025238095238095,31.0,11.0,130800.0,249
NP15 EZ Gen DA LMP Peak,2020.0,5.0,31.475,33.0,30.0,2400.0,6
Indiana Hub RT Peak,2020.0,5.0,24.9175,30.0,23.0,4800.0,6
PJM WH Real Time Peak,2020.0,5.0,20.572,28.5,15.5,313600.0,380
SP15 EZ Gen DA LMP Peak,2020.0,5.0,19.646666666666665,30.25,10.5,174400.0,304
Nepool MH DA LMP Peak,2020.0,5.0,18.447222222222223,23.5,14.75,92800.0,104
Palo Verde Peak,2020.0,5.0,15.4225,25.0,5.0,163600.0,323
Mid C Peak,2020.0,5.0,11.0435,24.0,-0.75,555600.0,1159
NP15 EZ Gen DA LMP Peak,2020.0,6.0,34.18833333333333,43.75,23.0,18400.0,45
Indiana Hub RT Peak,2020.0,6.0,30.56625,36.0,26.75,10400.0,13
Palo Verde Peak,2020.0,6.0,26.033636363636365,50.0,15.0,197200.0,401
SP15 EZ Gen DA LMP Peak,2020.0,6.0,25.570526315789472,40.0,15.5,255600.0,489
PJM WH Real Time Peak,2020.0,6.0,24.144285714285715,32.0,18.5,300800.0,367
Nepool MH DA LMP Peak,2020.0,6.0,22.802500000000002,29.0,18.25,194400.0,196
Mid C Peak,2020.0,6.0,10.834090909090909,22.0,-5.0,604800.0,1241
Palo Verde Peak,2020.0,7.0,40.960454545454546,80.0,17.0,224400.0,447
NP15 EZ Gen DA LMP Peak,2020.0,7.0,38.72,50.0,30.75,7200.0,9
Indiana Hub RT Peak,2020.0,7.0,34.21666666666667,40.6,29.75,8000.0,10
PJM WH Real Time Peak,2020.0,7.0,32.635652173913044,53.25,24.25,377600.0,457
SP15 EZ Gen DA LMP Peak,2020.0,7.0,32.06227272727273,61.0,18.0,305600.0,556
Nepool MH DA LMP Peak,2020.0,7.0,27.811,43.0,20.25,175200.0,204
Mid C Peak,2020.0,7.0,20.60909090909091,60.0,10.0,546400.0,1151
Palo Verde Peak,2020.0,8.0,231.54047619047617,1750.0,20.5,189600.0,399
SP15 EZ Gen DA LMP Peak,2020.0,8.0,123.90285714285714,650.0,23.5,358000.0,673
NP15 EZ Gen DA LMP Peak,2020.0,8.0,113.64714285714285,350.0,53.0,12400.0,21
Mid C Peak,2020.0,8.0,41.94333333333333,235.0,12.0,368000.0,778
PJM WH Real Time Peak,2020.0,8.0,30.019473684210528,41.5,22.9,155200.0,190
Nepool MH DA LMP Peak,2020.0,8.0,28.534444444444446,42.5,19.75,144800.0,172
Indiana Hub RT Peak,2020.0,8.0,28.33,28.5,28.0,2400.0,3
NP15 EZ Gen DA LMP Peak,2020.0,9.0,82.12,200.0,35.0,19200.0,42
Palo Verde Peak,2020.0,9.0,74.01666666666668,615.0,32.0,418800.0,835
SP15 EZ Gen DA LMP Peak,2020.0,9.0,62.9165,400.0,30.0,261600.0,528
Mid C Peak,2020.0,9.0,37.24619047619048,144.0,22.75,333200.0,697
Indiana Hub RT Peak,2020.0,9.0,26.835,30.0,25.5,5600.0,7
Nepool MH DA LMP Peak,2020.0,9.0,23.9215,36.0,17.95,179200.0,196
PJM WH Real Time Peak,2020.0,9.0,23.28761904761905,35.0,16.25,324800.0,390
NP15 EZ Gen DA LMP Peak,2020.0,10.0,52.7825,65.0,42.0,5600.0,13
SP15 EZ Gen DA LMP Peak,2020.0,10.0,47.53238095238095,80.75,27.0,211200.0,391
Palo Verde Peak,2020.0,10.0,47.17136363636364,100.0,28.0,187600.0,375
Indiana Hub RT Peak,2020.0,10.0,36.333333333333336,39.0,31.0,3200.0,4
Mid C Peak,2020.0,10.0,33.84045454545455,54.0,22.5,458400.0,942
Nepool MH DA LMP Peak,2020.0,10.0,29.854736842105265,58.0,17.5,125600.0,154
PJM WH Real Time Peak,2020.0,10.0,26.95714285714286,40.25,18.75,251200.0,307
SP15 EZ Gen DA LMP Peak,2020.0,11.0,39.466,53.0,30.25,74000.0,126
Indiana Hub RT Peak,2020.0,11.0,30.816666666666666,37.5,27.0,2400.0,3
Palo Verde Peak,2020.0,11.0,29.39833333333333,61.0,16.0,101600.0,191
Nepool MH DA LMP Peak,2020.0,11.0,28.585882352941177,45.0,15.0,136800.0,167
Mid C Peak,2020.0,11.0,26.612222222222222,36.0,22.0,379600.0,725
PJM WH Real Time Peak,2020.0,11.0,24.50526315789474,30.5,18.35,185600.0,226
Nepool MH DA LMP Peak,2020.0,12.0,42.145714285714284,105.0,25.75,182400.0,228
NP15 EZ Gen DA LMP Peak,2020.0,12.0,41.315,46.45,36.1,1200.0,3
SP15 EZ Gen DA LMP Peak,2020.0,12.0,41.0875,45.5,34.5,157200.0,283
Indiana Hub RT Peak,2020.0,12.0,31.94,32.5,31.75,3200.0,2
Mid C Peak,2020.0,12.0,29.992857142857144,40.75,21.0,438000.0,865
PJM WH Real Time Peak,2020.0,12.0,27.932380952380953,46.0,20.0,273600.0,335
Palo Verde Peak,2020.0,12.0,27.818571428571424,37.0,21.0,148800.0,282
Nepool MH DA LMP Peak,2021.0,1.0,46.093,101.0,29.5,247200.0,301
NP15 EZ Gen DA LMP Peak,2021.0,1.0,40.75,42.5,39.0,1200.0,3
SP15 EZ Gen DA LMP Peak,2021.0,1.0,34.764117647058825,40.75,29.0,154800.0,295
Indiana Hub RT Peak,2021.0,1.0,29.8425,35.0,26.5,20800.0,23
PJM WH Real Time Peak,2021.0,1.0,29.496499999999997,46.0,23.6,416800.0,507
Palo Verde Peak,2021.0,1.0,25.300526315789472,30.0,17.0,98000.0,196
Mid C Peak,2021.0,1.0,23.415263157894735,28.0,16.75,322000.0,664
NP15 EZ Gen DA LMP Peak,2021.0,2.0,107.22874999999999,400.0,30.0,59600.0,92
Indiana Hub RT Peak,2021.0,2.0,87.242,230.0,30.5,51200.0,63
SP15 EZ Gen DA LMP Peak,2021.0,2.0,77.68631578947368,500.0,20.5,201600.0,331
Nepool MH DA LMP Peak,2021.0,2.0,76.13684210526316,120.0,30.5,379200.0,467
Palo Verde Peak,2021.0,2.0,75.70052631578949,375.0,18.0,90400.0,173
PJM WH Real Time Peak,2021.0,2.0,51.114999999999995,200.0,23.0,470400.0,579
Mid C Peak,2021.0,2.0,51.050000000000004,260.0,19.0,409200.0,830
Nepool MH DA LMP Peak,2021.0,3.0,37.422000000000004,72.5,23.75,266400.0,327
SP15 EZ Gen DA LMP Peak,2021.0,3.0,30.37086956521739,39.0,22.0,304400.0,521
NP15 EZ Gen DA LMP Peak,2021.0,3.0,28.62,29.5,27.0,10800.0,14
Mid C Peak,2021.0,3.0,28.125652173913043,41.0,20.0,398400.0,844
PJM WH Real Time Peak,2021.0,3.0,27.41304347826087,34.95,20.35,247200.0,303
Palo Verde Peak,2021.0,3.0,24.806956521739128,33.0,17.0,82400.0,173
Indiana Hub RT Peak,2021.0,4.0,41.333333333333336,44.0,38.0,4800.0,6
Mid C Peak,2021.0,4.0,39.01952380952381,65.0,23.0,583200.0,1157
NP15 EZ Gen DA LMP Peak,2021.0,4.0,35.31,44.0,28.0,6800.0,15
PJM WH Real Time Peak,2021.0,4.0,30.56894736842105,38.4,24.0,197600.0,243
Palo Verde Peak,2021.0,4.0,30.336666666666662,52.0,16.0,131600.0,266
Nepool MH DA LMP Peak,2021.0,4.0,28.444,38.5,23.0,155200.0,189
SP15 EZ Gen DA LMP Peak,2021.0,4.0,27.96,36.25,19.0,189600.0,314
NP15 EZ Gen DA LMP Peak,2021.0,5.0,41.72571428571428,63.0,32.0,22800.0,55
Indiana Hub RT Peak,2021.0,5.0,37.875,43.5,34.0,4000.0,5
Mid C Peak,2021.0,5.0,37.7175,95.0,17.5,403200.0,803
PJM WH Real Time Peak,2021.0,5.0,32.678000000000004,45.3,26.35,276800.0,339
Palo Verde Peak,2021.0,5.0,32.061,65.0,20.0,92400.0,192
SP15 EZ Gen DA LMP Peak,2021.0,5.0,29.1775,56.0,16.75,226000.0,405
Nepool MH DA LMP Peak,2021.0,5.0,28.351666666666667,34.0,24.25,85600.0,103
Palo Verde Peak,2021.0,6.0,154.56136363636364,1983.0,25.0,207600.0,424
NP15 EZ Gen DA LMP Peak,2021.0,6.0,93.21090909090908,250.0,43.25,53200.0,123
Mid C Peak,2021.0,6.0,79.1490909090909,500.0,6.5,524800.0,1022
SP15 EZ Gen DA LMP Peak,2021.0,6.0,73.86363636363636,375.0,25.0,360000.0,719
Indiana Hub RT Peak,2021.0,6.0,49.28333333333333,59.0,43.0,15200.0,19
Nepool MH DA LMP Peak,2021.0,6.0,43.9425,132.0,27.0,295200.0,353
PJM WH Real Time Peak,2021.0,6.0,38.191500000000005,69.2,26.75,307200.0,370
Mid C Peak,2021.0,7.0,121.20904761904761,650.0,25.0,415600.0,875
Palo Verde Peak,2021.0,7.0,104.15285714285714,390.0,46.0,289200.0,573
NP15 EZ Gen DA LMP Peak,2021.0,7.0,90.04333333333334,169.0,53.0,42800.0,77
SP15 EZ Gen DA LMP Peak,2021.0,7.0,83.50523809523808,169.0,43.0,291200.0,592
Indiana Hub RT Peak,2021.0,7.0,48.59166666666667,60.0,36.0,20800.0,26
PJM WH Real Time Peak,2021.0,7.0,44.667368421052636,58.0,29.0,243200.0,296
Nepool MH DA LMP Peak,2021.0,7.0,44.42235294117647,65.0,34.75,224800.0,257
NP15 EZ Gen DA LMP Peak,2021.0,8.0,96.36666666666667,99.0,93.5,10800.0,23
Mid C Peak,2021.0,8.0,71.32227272727272,300.0,27.5,455200.0,928
Palo Verde Peak,2021.0,8.0,67.39181818181818,135.0,28.5,249600.0,478
SP15 EZ Gen DA LMP Peak,2021.0,8.0,67.26714285714286,102.0,43.0,220000.0,453
Nepool MH DA LMP Peak,2021.0,8.0,62.25722222222222,113.0,37.25,138400.0,161
PJM WH Real Time Peak,2021.0,8.0,54.91136363636363,90.0,38.0,313600.0,386
Indiana Hub RT Peak,2021.0,8.0,49.775,59.0,46.5,7200.0,9
NP15 EZ Gen DA LMP Peak,2021.0,9.0,129.25666666666666,210.0,78.0,14000.0,33
Mid C Peak,2021.0,9.0,80.26904761904763,330.0,43.0,524800.0,1039
Palo Verde Peak,2021.0,9.0,78.22190476190475,325.0,39.0,179200.0,341
SP15 EZ Gen DA LMP Peak,2021.0,9.0,75.57285714285715,250.0,48.0,266000.0,517
Indiana Hub RT Peak,2021.0,9.0,67.55,72.5,54.0,8800.0,11
PJM WH Real Time Peak,2021.0,9.0,55.3947619047619,83.0,37.65,256000.0,309
Nepool MH DA LMP Peak,2021.0,9.0,54.75111111111111,74.0,38.25,137600.0,172
Indiana Hub RT Peak,2021.0,10.0,71.3,86.0,63.0,4800.0,6
PJM WH Real Time Peak,2021.0,10.0,70.96473684210525,90.0,56.75,267200.0,326
NP15 EZ Gen DA LMP Peak,2021.0,10.0,67.33333333333333,73.0,64.0,4800.0,12
Mid C Peak,2021.0,10.0,67.18238095238095,88.0,55.5,394400.0,859
Nepool MH DA LMP Peak,2021.0,10.0,66.44111111111111,89.0,54.0,88800.0,110
SP15 EZ Gen DA LMP Peak,2021.0,10.0,59.277499999999996,76.0,46.0,166400.0,327
Palo Verde Peak,2021.0,10.0,49.74476190476191,75.0,35.0,113200.0,243
PJM WH Real Time Peak,2021.0,11.0,70.796,110.25,0.0,240000.0,296
Indiana Hub RT Peak,2021.0,11.0,61.0,61.0,61.0,800.0,1
Nepool MH DA LMP Peak,2021.0,11.0,60.28411764705882,94.0,0.0,132800.0,158
SP15 EZ Gen DA LMP Peak,2021.0,11.0,57.00473684210526,75.0,0.0,120000.0,191
Palo Verde Peak,2021.0,11.0,45.47210526315789,74.0,0.0,121600.0,233
Mid C Peak,2021.0,11.0,44.89,68.0,0.0,433200.0,813
Nepool MH DA LMP Peak,2021.0,12.0,77.902,250.0,35.0,126400.0,154
NP15 EZ Gen DA LMP Peak,2021.0,12.0,68.19800000000001,90.0,55.0,8800.0,20
SP15 EZ Gen DA LMP Peak,2021.0,12.0,67.56736842105263,91.0,43.5,194800.0,406
Mid C Peak,2021.0,12.0,61.11761904761905,160.0,29.0,491200.0,1018
Palo Verde Peak,2021.0,12.0,48.08761904761905,75.0,28.0,77200.0,155
PJM WH Real Time Peak,2021.0,12.0,45.247,64.0,30.0,190400.0,235
Nepool MH DA LMP Peak,2022.0,1.0,157.41125,203.0,79.0,235200.0,287
PJM WH Real Time Peak,2022.0,1.0,76.5335,170.5,47.0,476000.0,579
Indiana Hub RT Peak,2022.0,1.0,72.07625,87.0,50.0,23200.0,29
NP15 EZ Gen DA LMP Peak,2022.0,1.0,58.43833333333333,70.0,51.0,12000.0,27
SP15 EZ Gen DA LMP Peak,2022.0,1.0,53.172941176470594,66.0,45.0,88000.0,173
Mid C Peak,2022.0,1.0,42.0795,63.0,25.5,366400.0,732
Palo Verde Peak,2022.0,1.0,40.404,59.0,31.0,70800.0,141
Nepool MH DA LMP Peak,2022.0,2.0,111.35882352941177,205.0,46.0,277600.0,342
Indiana Hub RT Peak,2022.0,2.0,66.5425,85.0,50.0,5600.0,7
PJM WH Real Time Peak,2022.0,2.0,52.158500000000004,78.0,35.0,233600.0,281
NP15 EZ Gen DA LMP Peak,2022.0,2.0,47.47909090909091,68.0,35.5,15200.0,33
SP15 EZ Gen DA LMP Peak,2022.0,2.0,43.29777777777778,90.0,27.5,123600.0,214
Mid C Peak,2022.0,2.0,39.89947368421053,84.0,21.5,321600.0,642
Palo Verde Peak,2022.0,2.0,38.875263157894736,80.0,25.0,74400.0,135
Nepool MH DA LMP Peak,2022.0,3.0,62.90071428571429,161.0,41.75,169600.0,208
NP15 EZ Gen DA LMP Peak,2022.0,3.0,51.125,54.0,45.0,2400.0,6
PJM WH Real Time Peak,2022.0,3.0,47.30625,60.0,37.0,154400.0,191
SP15 EZ Gen DA LMP Peak,2022.0,3.0,38.11066666666667,46.0,29.5,100400.0,168
Palo Verde Peak,2022.0,3.0,35.08125,45.0,26.5,64000.0,136
Mid C Peak,2022.0,3.0,34.916875,42.75,25.0,280000.0,562
Mid C Peak,2022.0,4.0,86.2764705882353,135.0,39.75,397200.0,758
PJM WH Real Time Peak,2022.0,4.0,78.38375,106.0,64.0,147200.0,181
NP15 EZ Gen DA LMP Peak,2022.0,4.0,76.77,87.0,67.0,24800.0,36
Nepool MH DA LMP Peak,2022.0,4.0,71.176875,97.0,62.5,196000.0,229
Indiana Hub RT Peak,2022.0,4.0,70.25,73.5,67.0,1600.0,2
Palo Verde Peak,2022.0,4.0,65.49705882352941,92.0,40.5,120400.0,244
SP15 EZ Gen DA LMP Peak,2022.0,4.0,58.981764705882355,88.0,44.0,196800.0,344
Indiana Hub RT Peak,2022.0,5.0,121.75,122.0,121.5,1600.0,2
PJM WH Real Time Peak,2022.0,5.0,103.08888888888889,175.0,72.75,200000.0,249
NP15 EZ Gen DA LMP Peak,2022.0,5.0,87.2075,105.0,70.0,9600.0,24
Nepool MH DA LMP Peak,2022.0,5.0,78.43222222222222,96.0,67.75,131200.0,160
Palo Verde Peak,2022.0,5.0,64.607,90.0,43.0,61200.0,119
Mid C Peak,2022.0,5.0,60.959,112.0,11.0,429200.0,872
SP15 EZ Gen DA LMP Peak,2022.0,5.0,60.131499999999996,90.0,41.0,176800.0,309
Indiana Hub RT Peak,2022.0,6.0,164.96333333333334,200.0,115.0,9600.0,12
PJM WH Real Time Peak,2022.0,6.0,118.97590909090908,230.0,81.5,364000.0,449
NP15 EZ Gen DA LMP Peak,2022.0,6.0,82.51333333333334,98.0,64.0,11600.0,23
Palo Verde Peak,2022.0,6.0,80.82954545454545,118.0,60.0,77600.0,155
Nepool MH DA LMP Peak,2022.0,6.0,77.90166666666667,100.0,62.5,177600.0,211
SP15 EZ Gen DA LMP Peak,2022.0,6.0,72.21636363636364,100.0,45.0,341600.0,575
Mid C Peak,2022.0,6.0,36.52,77.0,0.0,619200.0,1221
Indiana Hub RT Peak,2022.0,7.0,131.25,147.5,115.0,1600.0,2
PJM WH Real Time Peak,2022.0,7.0,121.013,171.0,88.0,254400.0,314
Nepool MH DA LMP Peak,2022.0,7.0,117.77333333333334,350.0,57.5,247200.0,296
Palo Verde Peak,2022.0,7.0,104.147,136.0,60.0,170800.0,339
NP15 EZ Gen DA LMP Peak,2022.0,7.0,91.56714285714285,101.0,80.0,13200.0,30
SP15 EZ Gen DA LMP Peak,2022.0,7.0,86.3575,110.0,51.0,310000.0,557
Mid C Peak,2022.0,7.0,76.9965,160.0,33.0,490000.0,1047
Palo Verde Peak,2022.0,8.0,156.60695652173914,1100.0,78.5,168400.0,341
Mid C Peak,2022.0,8.0,153.38347826086957,1250.0,60.0,561200.0,1156
NP15 EZ Gen DA LMP Peak,2022.0,8.0,128.03076923076924,310.0,94.0,41200.0,88
SP15 EZ Gen DA LMP Peak,2022.0,8.0,126.59608695652175,400.0,83.0,615600.0,1160
PJM WH Real Time Peak,2022.0,8.0,119.17956521739131,165.0,85.0,198400.0,246
Indiana Hub RT Peak,2022.0,8.0,118.0,118.0,118.0,800.0,1
Nepool MH DA LMP Peak,2022.0,8.0,114.52277777777778,200.0,78.25,232800.0,286
NP15 EZ Gen DA LMP Peak,2022.0,9.0,233.1875,370.0,88.0,4000.0,10
Palo Verde Peak,2022.0,9.0,192.86428571428573,1000.0,43.0,116800.0,203
SP15 EZ Gen DA LMP Peak,2022.0,9.0,130.1184210526316,415.0,58.0,240400.0,421
Mid C Peak,2022.0,9.0,129.30380952380952,675.0,58.0,444800.0,894
Indiana Hub RT Peak,2022.0,9.0,102.93333333333334,140.0,62.0,12800.0,16
PJM WH Real Time Peak,2022.0,9.0,96.54714285714286,155.0,53.5,248000.0,310
Nepool MH DA LMP Peak,2022.0,9.0,69.42153846153846,83.75,47.0,55200.0,66
NP15 EZ Gen DA LMP Peak,2022.0,10.0,84.5,94.0,75.0,5200.0,8
PJM WH Real Time Peak,2022.0,10.0,72.613,96.5,55.5,189600.0,236
Mid C Peak,2022.0,10.0,72.4604761904762,106.0,45.5,428000.0,894
SP15 EZ Gen DA LMP Peak,2022.0,10.0,67.0795238095238,93.0,46.0,152400.0,267
Palo Verde Peak,2022.0,10.0,59.93952380952381,95.0,40.0,55600.0,122
Nepool MH DA LMP Peak,2022.0,10.0,59.52611111111111,73.0,45.75,152000.0,176
NP15 EZ Gen DA LMP Peak,2022.0,11.0,123.54,165.0,84.0,7200.0,14
Mid C Peak,2022.0,11.0,102.02833333333334,230.0,40.0,372400.0,702
SP15 EZ Gen DA LMP Peak,2022.0,11.0,90.2964705882353,185.0,55.0,231200.0,368
Palo Verde Peak,2022.0,11.0,75.72111111111111,155.0,42.0,164400.0,297
Nepool MH DA LMP Peak,2022.0,11.0,68.590625,130.0,39.0,118400.0,141
Indiana Hub RT Peak,2022.0,11.0,68.0,81.0,43.0,3200.0,4
PJM WH Real Time Peak,2022.0,11.0,63.12263157894736,94.5,38.0,277600.0,343
NP15 EZ Gen DA LMP Peak,2022.0,12.0,282.892,385.0,174.0,9600.0,15
Mid C Peak,2022.0,12.0,275.618,700.0,115.0,537200.0,1014
SP15 EZ Gen DA LMP Peak,2022.0,12.0,250.3185,450.0,122.0,198400.0,388
Palo Verde Peak,2022.0,12.0,242.333,475.0,90.0,160800.0,294
Nepool MH DA LMP Peak,2022.0,12.0,105.0175,250.0,45.0,116800.0,140
Indiana Hub RT Peak,2022.0,12.0,93.5,105.0,82.0,2400.0,3
PJM WH Real Time Peak,2022.0,12.0,74.84299999999999,193.75,34.25,232000.0,280
SP15 EZ Gen DA LMP Peak,2023.0,1.0,149.7665,220.0,70.0,226400.0,448
NP15 EZ Gen DA LMP Peak,2023.0,1.0,147.86833333333334,215.0,94.0,9200.0,22
Mid C Peak,2023.0,1.0,146.8155,200.0,61.0,260800.0,522
Palo Verde Peak,2023.0,1.0,143.2055,190.0,65.0,119200.0,245
Nepool MH DA LMP Peak,2023.0,1.0,56.9,116.0,37.5,107200.0,129
PJM WH Real Time Peak,2023.0,1.0,42.347368421052636,50.25,35.0,284000.0,347
NP15 EZ Gen DA LMP Peak,2023.0,2.0,94.33571428571429,155.0,57.0,10400.0,22
Mid C Peak,2023.0,2.0,89.66,300.0,45.0,376400.0,710
Palo Verde Peak,2023.0,2.0,68.54894736842105,225.0,36.0,90000.0,187
SP15 EZ Gen DA LMP Peak,2023.0,2.0,68.255,145.0,40.0,175600.0,317
Nepool MH DA LMP Peak,2023.0,2.0,60.52125,290.0,27.0,152800.0,185
PJM WH Real Time Peak,2023.0,2.0,33.455,143.0,21.9,412000.0,507
Mid C Peak,2023.0,3.0,88.52956521739131,175.0,42.75,419600.0,846
NP15 EZ Gen DA LMP Peak,2023.0,3.0,83.14307692307692,109.0,46.0,22000.0,44
SP15 EZ Gen DA LMP Peak,2023.0,3.0,63.95285714285714,100.0,30.0,265600.0,541
Palo Verde Peak,2023.0,3.0,59.59608695652174,125.0,23.0,152800.0,300
Nepool MH DA LMP Peak,2023.0,3.0,36.96222222222222,63.0,27.25,100800.0,124
PJM WH Real Time Peak,2023.0,3.0,31.254545454545454,42.0,23.75,319200.0,388
Indiana Hub RT Peak,2023.0,3.0,27.5,28.0,27.0,1600.0,2
Mid C Peak,2023.0,4.0,102.07473684210527,150.0,55.0,430000.0,806
Palo Verde Peak,2023.0,4.0,64.56421052631579,98.0,46.0,248800.0,453
NP15 EZ Gen DA LMP Peak,2023.0,4.0,63.75,75.0,53.0,4800.0,6
SP15 EZ Gen DA LMP Peak,2023.0,4.0,48.95722222222222,70.0,34.0,226800.0,442
PJM WH Real Time Peak,2023.0,4.0,34.997894736842106,45.75,28.0,286400.0,347
Nepool MH DA LMP Peak,2023.0,4.0,31.081176470588236,36.5,26.5,115200.0,142
Indiana Hub RT Peak,2023.0,5.0,41.5,42.0,41.0,1600.0,2
PJM WH Real Time Peak,2023.0,5.0,35.21636363636364,49.25,24.0,312000.0,382
Nepool MH DA LMP Peak,2023.0,5.0,30.401764705882357,61.5,24.0,93600.0,107
Palo Verde Peak,2023.0,5.0,28.757142857142856,57.0,12.0,122800.0,256
NP15 EZ Gen DA LMP Peak,2023.0,5.0,24.718,42.5,15.25,10000.0,14
SP15 EZ Gen DA LMP Peak,2023.0,5.0,21.811,40.25,8.0,276000.0,469
Mid C Peak,2023.0,5.0,20.635714285714286,56.0,0.0,414800.0,830
Mid C Peak,2023.0,6.0,54.529999999999994,125.5,20.0,599200.0,1192
Indiana Hub RT Peak,2023.0,6.0,53.333333333333336,69.0,36.0,2400.0,3
Palo Verde Peak,2023.0,6.0,38.9605,97.5,20.0,132000.0,265
Nepool MH DA LMP Peak,2023.0,6.0,36.73210526315789,75.0,24.25,164800.0,198
PJM WH Real Time Peak,2023.0,6.0,32.826190476190476,55.0,23.0,428800.0,519
SP15 EZ Gen DA LMP Peak,2023.0,6.0,29.326,72.0,16.5,359600.0,596
NP15 EZ Gen DA LMP Peak,2023.0,6.0,27.51,40.5,16.5,6400.0,10
Palo Verde Peak,2023.0,7.0,113.46400000000001,250.0,38.0,217200.0,435
Mid C Peak,2023.0,7.0,98.339,155.0,50.0,454800.0,904
SP15 EZ Gen DA LMP Peak,2023.0,7.0,84.058,170.0,21.0,484400.0,972
NP15 EZ Gen DA LMP Peak,2023.0,7.0,64.845,86.0,45.5,12000.0,28
Indiana Hub RT Peak,2023.0,7.0,54.439090909090915,110.0,38.75,16800.0,21
Nepool MH DA LMP Peak,2023.0,7.0,52.52777777777778,125.0,27.5,273600.0,324
PJM WH Real Time Peak,2023.0,7.0,52.269000000000005,156.0,36.25,579200.0,695
Palo Verde Peak,2023.0,8.0,145.25,999.0,39.0,144800.0,284
Mid C Peak,2023.0,8.0,139.18363636363637,999.0,34.25,402000.0,785
NP15 EZ Gen DA LMP Peak,2023.0,8.0,99.96285714285715,367.95,49.0,42000.0,92
SP15 EZ Gen DA LMP Peak,2023.0,8.0,93.335,395.0,32.0,523200.0,971
Indiana Hub RT Peak,2023.0,8.0,62.75666666666666,90.0,41.0,12800.0,16
PJM WH Real Time Peak,2023.0,8.0,38.032272727272726,68.0,23.5,445600.0,553
Nepool MH DA LMP Peak,2023.0,8.0,29.094117647058823,33.5,24.0,106400.0,123
Mid C Peak,2023.0,9.0,62.42100000000001,95.0,40.0,464400.0,936
Indiana Hub RT Peak,2023.0,9.0,50.40428571428571,89.0,36.5,8800.0,11
PJM WH Real Time Peak,2023.0,9.0,45.81047619047619,113.5,30.7,374400.0,462
Palo Verde Peak,2023.0,9.0,44.661500000000004,83.5,23.0,56000.0,105
NP15 EZ Gen DA LMP Peak,2023.0,9.0,41.24454545454545,55.05,34.0,20000.0,47
Nepool MH DA LMP Peak,2023.0,9.0,39.99125,87.0,25.0,137600.0,165
SP15 EZ Gen DA LMP Peak,2023.0,9.0,35.3935,69.0,22.5,358400.0,616
Mid C Peak,2023.0,10.0,103.57090909090908,335.0,35.0,266800.0,569
NP15 EZ Gen DA LMP Peak,2023.0,10.0,69.06333333333333,98.0,45.0,22400.0,50
Palo Verde Peak,2023.0,10.0,60.15380952380953,105.0,25.0,96800.0,187
SP15 EZ Gen DA LMP Peak,2023.0,10.0,56.029545454545456,92.0,34.0,246800.0,455
Indiana Hub RT Peak,2023.0,10.0,45.70625,55.0,38.0,16000.0,20
PJM WH Real Time Peak,2023.0,10.0,44.623636363636365,65.0,35.0,377600.0,466
Nepool MH DA LMP Peak,2023.0,10.0,32.117777777777775,58.0,25.0,176800.0,215
Mid C Peak,2023.0,11.0,76.44526315789474,137.0,35.0,314800.0,577
NP15 EZ Gen DA LMP Peak,2023.0,11.0,71.6425,92.0,58.5,15200.0,33
Palo Verde Peak,2023.0,11.0,52.76894736842105,78.0,31.0,85200.0,164
SP15 EZ Gen DA LMP Peak,2023.0,11.0,52.304736842105264,74.0,40.0,224400.0,424
Indiana Hub RT Peak,2023.0,11.0,43.75,47.5,40.0,1600.0,2
Nepool MH DA LMP Peak,2023.0,11.0,42.29222222222222,97.0,29.75,166400.0,203
PJM WH Real Time Peak,2023.0,11.0,41.864761904761906,60.25,30.0,342400.0,425
Mid C Peak,2023.0,12.0,57.72684210526315,91.0,30.0,317200.0,655
NP15 EZ Gen DA LMP Peak,2023.0,12.0,57.199999999999996,69.0,45.0,12400.0,27
Nepool MH DA LMP Peak,2023.0,12.0,49.493529411764705,125.0,29.75,122400.0,153
SP15 EZ Gen DA LMP Peak,2023.0,12.0,45.76631578947368,63.0,30.0,156800.0,303
Palo Verde Peak,2023.0,12.0,40.16894736842105,66.0,19.0,92400.0,187
PJM WH Real Time Peak,2023.0,12.0,38.1235,75.0,27.0,332000.0,408
Indiana Hub RT Peak,2023.0,12.0,34.88833333333333,40.0,28.0,8800.0,11
Mid C Peak,2024.0,1.0,216.46761904761902,930.0,34.0,446800.0,868
NP15 EZ Gen DA LMP Peak,2024.0,1.0,91.96538461538461,216.0,52.0,49600.0,83
Nepool MH DA LMP Peak,2024.0,1.0,75.02095238095238,173.0,35.0,279200.0,332
Indiana Hub RT Peak,2024.0,1.0,69.51875,195.0,32.0,11200.0,14
Palo Verde Peak,2024.0,1.0,66.1247619047619,180.0,32.0,122000.0,261
SP15 EZ Gen DA LMP Peak,2024.0,1.0,62.278,200.0,37.0,276000.0,495
PJM WH Real Time Peak,2024.0,1.0,56.908181818181816,189.0,27.0,405600.0,481
Mid C Peak,2024.0,2.0,48.992000000000004,75.0,23.0,354400.0,705
Nepool MH DA LMP Peak,2024.0,2.0,39.24,69.0,23.5,244000.0,297
NP15 EZ Gen DA LMP Peak,2024.0,2.0,38.099000000000004,53.0,27.0,42400.0,90
Palo Verde Peak,2024.0,2.0,31.057499999999997,51.0,7.0,114000.0,213
Indiana Hub RT Peak,2024.0,2.0,28.832,35.0,24.0,7200.0,9
SP15 EZ Gen DA LMP Peak,2024.0,2.0,28.6575,52.0,7.0,193200.0,340
PJM WH Real Time Peak,2024.0,2.0,26.67571428571428,35.2,19.85,245600.0,303
Mid C Peak,2024.0,3.0,37.49722222222223,85.0,19.0,268400.0,534
Indiana Hub RT Peak,2024.0,3.0,30.83,31.3,30.5,3200.0,4
NP15 EZ Gen DA LMP Peak,2024.0,3.0,28.148571428571426,43.5,22.5,21200.0,36
PJM WH Real Time Peak,2024.0,3.0,27.20777777777778,33.25,20.35,230400.0,278
Nepool MH DA LMP Peak,2024.0,3.0,26.169285714285714,31.25,22.0,138400.0,168
Palo Verde Peak,2024.0,3.0,17.148333333333333,28.0,6.0,34000.0,74
SP15 EZ Gen DA LMP Peak,2024.0,3.0,10.178888888888888,23.0,-2.0,156800.0,236
Mid C Peak,2024.0,4.0,35.63894736842105,70.0,19.0,307200.0,641
Indiana Hub RT Peak,2024.0,4.0,33.833333333333336,40.0,29.5,2400.0,3
PJM WH Real Time Peak,2024.0,4.0,33.800526315789476,53.35,23.25,404800.0,488
Nepool MH DA LMP Peak,2024.0,4.0,27.598235294117647,34.5,23.5,149600.0,180
NP15 EZ Gen DA LMP Peak,2024.0,4.0,25.27,34.0,17.0,13600.0,32
Palo Verde Peak,2024.0,4.0,11.329411764705881,25.0,0.0,38000.0,91
SP15 EZ Gen DA LMP Peak,2024.0,4.0,1.5776470588235294,14.0,-7.5,127600.0,256
PJM WH Real Time Peak,2024.0,5.0,41.079,65.0,25.5,332800.0,411
Indiana Hub RT Peak,2024.0,5.0,41.076,67.0,28.5,5600.0,7
Nepool MH DA LMP Peak,2024.0,5.0,31.147142857142857,40.0,24.0,117600.0,140
Mid C Peak,2024.0,5.0,27.676315789473687,63.0,4.5,314800.0,644
NP15 EZ Gen DA LMP Peak,2024.0,5.0,18.09375,27.5,9.0,10800.0,23
Palo Verde Peak,2024.0,5.0,14.909473684210525,33.0,-1.0,73600.0,159
SP15 EZ Gen DA LMP Peak,2024.0,5.0,3.0644444444444447,17.0,-17.75,181200.0,362
Nepool MH DA LMP Peak,2024.0,6.0,49.6475,135.0,26.75,182400.0,214
PJM WH Real Time Peak,2024.0,6.0,45.73222222222223,100.0,24.75,580800.0,704
Palo Verde Peak,2024.0,6.0,39.82,64.0,22.5,174800.0,347
Mid C Peak,2024.0,6.0,35.34705882352941,72.0,12.0,427200.0,875
NP15 EZ Gen DA LMP Peak,2024.0,6.0,33.653999999999996,42.0,21.0,10800.0,25
Indiana Hub RT Peak,2024.0,6.0,33.650000000000006,36.45,31.1,2400.0,3
SP15 EZ Gen DA LMP Peak,2024.0,6.0,23.45764705882353,48.0,9.5,449600.0,816
Mid C Peak,2024.0,7.0,77.858,300.0,32.0,548800.0,1134
Palo Verde Peak,2024.0,7.0,73.013,135.0,45.75,160400.0,339
Nepool MH DA LMP Peak,2024.0,7.0,67.91388888888889,175.5,30.0,285600.0,323
PJM WH Real Time Peak,2024.0,7.0,67.34049999999999,175.0,32.75,356000.0,437
Indiana Hub RT Peak,2024.0,7.0,62.05500000000001,140.0,32.25,11200.0,14
NP15 EZ Gen DA LMP Peak,2024.0,7.0,61.73375,85.0,38.0,16000.0,36
SP15 EZ Gen DA LMP Peak,2024.0,7.0,52.463,105.0,30.5,466000.0,934
Indiana Hub RT Peak,2024.0,8.0,62.3125,110.0,44.75,7200.0,8
NP15 EZ Gen DA LMP Peak,2024.0,8.0,61.484,92.5,33.0,6000.0,15
Palo Verde Peak,2024.0,8.0,55.1475,130.0,27.0,100400.0,190
PJM WH Real Time Peak,2024.0,8.0,46.3625,105.0,22.4,292000.0,347
Mid C Peak,2024.0,8.0,45.333,90.0,15.0,392400.0,783
SP15 EZ Gen DA LMP Peak,2024.0,8.0,41.357,101.5,19.0,558000.0,844
Nepool MH DA LMP Peak,2024.0,8.0,37.993125,91.0,29.0,173600.0,210
Mid C Peak,2024.0,9.0,50.64055555555555,105.0,27.0,346800.0,710
Palo Verde Peak,2024.0,9.0,43.78611111111111,112.5,19.0,56400.0,114
NP15 EZ Gen DA LMP Peak,2024.0,9.0,40.846666666666664,67.0,19.95,10400.0,23
PJM WH Real Time Peak,2024.0,9.0,40.58777777777778,58.5,24.75,258400.0,312
Indiana Hub RT Peak,2024.0,9.0,39.39,45.45,28.5,4000.0,5
Nepool MH DA LMP Peak,2024.0,9.0,36.87133333333333,41.75,32.5,162400.0,188
SP15 EZ Gen DA LMP Peak,2024.0,9.0,34.385555555555555,90.0,10.25,316000.0,547
Mid C Peak,2024.0,10.0,56.497894736842106,95.0,36.0,350800.0,726
NP15 EZ Gen DA LMP Peak,2024.0,10.0,54.284000000000006,75.0,39.0,5200.0,10
Palo Verde Peak,2024.0,10.0,45.57947368421053,75.0,18.0,108000.0,224
PJM WH Real Time Peak,2024.0,10.0,41.52263157894737,53.0,32.5,180000.0,222
Nepool MH DA LMP Peak,2024.0,10.0,40.769411764705886,55.75,34.0,209600.0,230
SP15 EZ Gen DA LMP Peak,2024.0,10.0,35.12,55.5,23.0,237600.0,477
NP15 EZ Gen DA LMP Peak,2024.0,11.0,52.666666666666664,61.0,39.0,4800.0,12
Nepool MH DA LMP Peak,2024.0,11.0,44.43933333333334,64.0,34.0,217600.0,253
Mid C Peak,2024.0,11.0,38.316875,60.0,17.0,266800.0,505
PJM WH Real Time Peak,2024.0,11.0,37.07222222222222,62.0,29.0,215200.0,257
SP15 EZ Gen DA LMP Peak,2024.0,11.0,30.413125,47.0,21.25,171600.0,272
Palo Verde Peak,2024.0,11.0,29.66,45.0,15.0,49200.0,89
Nepool MH DA LMP Peak,2024.0,12.0,83.15368421052632,156.9,40.5,195200.0,232
Mid C Peak,2024.0,12.0,44.00052631578947,71.0,25.0,252400.0,460
Indiana Hub RT Peak,2024.0,12.0,43.495000000000005,48.0,39.75,7200.0,9
PJM WH Real Time Peak,2024.0,12.0,41.2565,78.0,26.0,359200.0,434
SP15 EZ Gen DA LMP Peak,2024.0,12.0,40.12833333333334,52.0,30.0,136000.0,232
Palo Verde Peak,2024.0,12.0,32.77105263157895,47.0,22.0,104400.0,205
Nepool MH DA LMP Peak,2025.0,1.0,152.18857142857144,275.0,82.0,221600.0,346
Indiana Hub RT Peak,2025.0,1.0,83.36428571428571,150.0,42.5,9600.0,14
PJM WH Real Time Peak,2025.0,1.0,74.985,301.5,33.25,636000.0,989
NP15 EZ Gen DA LMP Peak,2025.0,1.0,59.626,78.0,47.0,10000.0,18
Mid C Peak,2025.0,1.0,56.02761904761904,115.0,32.0,243200.0,621
Palo Verde Peak,2025.0,1.0,44.488571428571426,95.0,24.0,190000.0,411
SP15 EZ Gen DA LMP Peak,2025.0,1.0,39.462857142857146,80.0,24.95,257600.0,589
Nepool MH DA LMP Peak,2025.0,2.0,133.1957894736842,180.0,45.5,213600.0,285
Mid C Peak,2025.0,2.0,67.40842105263158,265.0,21.75,324800.0,683
NP15 EZ Gen DA LMP Peak,2025.0,2.0,58.778,146.5,34.0,30400.0,94
Indiana Hub RT Peak,2025.0,2.0,55.082499999999996,82.0,43.3,6400.0,8
PJM WH Real Time Peak,2025.0,2.0,54.874,117.0,35.2,384000.0,557
Palo Verde Peak,2025.0,2.0,28.25052631578947,46.0,15.0,125600.0,260
SP15 EZ Gen DA LMP Peak,2025.0,2.0,22.835789473684212,49.0,0.0,334000.0,608
PJM WH Real Time Peak,2025.0,3.0,47.89523809523809,58.0,38.8,297600.0,403
Nepool MH DA LMP Peak,2025.0,3.0,45.77733333333333,60.0,38.5,105600.0,143
Indiana Hub RT Peak,2025.0,3.0,40.5,40.5,40.5,800.0,1
Mid C Peak,2025.0,3.0,34.50714285714285,61.0,3.0,308400.0,670
NP15 EZ Gen DA LMP Peak,2025.0,3.0,33.24888888888889,54.0,16.0,9600.0,38
Palo Verde Peak,2025.0,3.0,24.67904761904762,57.0,8.0,101200.0,216
SP15 EZ Gen DA LMP Peak,2025.0,3.0,18.405714285714286,47.0,-5.5,229600.0,490
Indiana Hub RT Peak,2025.0,4.0,53.75,53.75,53.75,800.0,1
PJM WH Real Time Peak,2025.0,4.0,51.247894736842106,74.0,32.5,322400.0,413
Nepool MH DA LMP Peak,2025.0,4.0,42.728235294117646,72.0,34.0,165600.0,210
Mid C Peak,2025.0,4.0,28.322105263157894,43.0,8.0,392000.0,874
Palo Verde Peak,2025.0,4.0,26.626842105263155,36.0,15.0,126800.0,239
NP15 EZ Gen DA LMP Peak,2025.0,4.0,19.65888888888889,28.0,11.0,24800.0,59
SP15 EZ Gen DA LMP Peak,2025.0,4.0,10.458888888888888,19.0,3.0,286000.0,559
Indiana Hub RT Peak,2025.0,5.0,50.0,50.0,50.0,800.0,1
PJM WH Real Time Peak,2025.0,5.0,41.4055,73.0,29.5,309600.0,377
Mid C Peak,2025.0,5.0,40.35473684210526,55.0,22.0,455200.0,891
Nepool MH DA LMP Peak,2025.0,5.0,39.72888888888889,54.0,30.0,169600.0,196
Palo Verde Peak,2025.0,5.0,28.022631578947372,53.0,5.0,108800.0,196
NP15 EZ Gen DA LMP Peak,2025.0,5.0,26.714444444444446,43.0,13.5,22400.0,39
SP15 EZ Gen DA LMP Peak,2025.0,5.0,17.086842105263155,37.0,2.0,339200.0,629
Indiana Hub RT Peak,2025.0,6.0,92.52,190.0,43.75,21600.0,27
PJM WH Real Time Peak,2025.0,6.0,71.3763157894737,231.0,29.5,548000.0,656
Nepool MH DA LMP Peak,2025.0,6.0,64.66411764705882,195.0,30.0,240800.0,283
Mid C Peak,2025.0,6.0,46.98388888888889,97.0,25.0,471600.0,929
Palo Verde Peak,2025.0,6.0,41.67611111111111,60.0,23.0,127200.0,245
NP15 EZ Gen DA LMP Peak,2025.0,6.0,37.055,44.5,26.0,12400.0,29
SP15 EZ Gen DA LMP Peak,2025.0,6.0,25.071111111111108,41.5,9.5,403600.0,664
Indiana Hub RT Peak,2025.0,7.0,93.51333333333332,180.0,62.8,9600.0,12
Nepool MH DA LMP Peak,2025.0,7.0,90.10444444444445,186.0,41.5,247200.0,304
PJM WH Real Time Peak,2025.0,7.0,87.79650000000001,235.0,38.3,625600.0,757
Mid C Peak,2025.0,7.0,53.4265,85.0,29.0,593600.0,1122
Palo Verde Peak,2025.0,7.0,48.7605,70.0,29.75,143600.0,263
NP15 EZ Gen DA LMP Peak,2025.0,7.0,41.678,50.0,33.0,13600.0,32
SP15 EZ Gen DA LMP Peak,2025.0,7.0,33.734500000000004,51.0,18.5,309200.0,594
Indiana Hub RT Peak,2025.0,8.0,64.03625,90.0,50.0,22400.0,28
Nepool MH DA LMP Peak,2025.0,8.0,61.966875,170.0,28.0,129600.0,160
Mid C Peak,2025.0,8.0,52.51736842105263,147.0,31.5,480800.0,964
Palo Verde Peak,2025.0,8.0,51.5478947368421,74.0,37.0,87200.0,175
NP15 EZ Gen DA LMP Peak,2025.0,8.0,48.46,65.0,39.5,14800.0,30
PJM WH Real Time Peak,2025.0,8.0,46.93473684210526,76.5,26.5,483200.0,584
SP15 EZ Gen DA LMP Peak,2025.0,8.0,39.351052631578945,58.5,25.0,533600.0,909
Indiana Hub RT Peak,2025.0,9.0,59.822,83.5,50.0,9600.0,12
Mid C Peak,2025.0,9.0,54.863157894736844,85.0,37.0,394000.0,821
PJM WH Real Time Peak,2025.0,9.0,52.7378947368421,84.25,29.55,510400.0,622
NP15 EZ Gen DA LMP Peak,2025.0,9.0,46.23444444444445,56.5,36.75,15600.0,33
Nepool MH DA LMP Peak,2025.0,9.0,38.626666666666665,48.0,30.5,292800.0,334
Palo Verde Peak,2025.0,9.0,35.87263157894737,64.0,20.0,54800.0,110
SP15 EZ Gen DA LMP Peak,2025.0,9.0,33.87578947368421,56.0,19.75,562800.0,864
PJM WH Real Time Peak,2025.0,10.0,59.024,98.5,42.75,425600.0,525
Indiana Hub RT Peak,2025.0,10.0,48.96666666666667,54.75,43.65,3200.0,4
Mid C Peak,2025.0,10.0,45.923,70.0,21.0,366000.0,749
Nepool MH DA LMP Peak,2025.0,10.0,45.765,69.0,32.25,297600.0,331
NP15 EZ Gen DA LMP Peak,2025.0,10.0,42.632222222222225,50.0,35.0,24000.0,52
SP15 EZ Gen DA LMP Peak,2025.0,10.0,27.996499999999997,42.0,14.0,254400.0,477
Palo Verde Peak,2025.0,10.0,27.640499999999996,55.0,15.0,67600.0,135
Nepool MH DA LMP Peak,2025.0,11.0,66.17266666666667,82.0,42.75,212000.0,250
PJM WH Real Time Peak,2025.0,11.0,61.0375,93.0,37.0,420800.0,509
Indiana Hub RT Peak,2025.0,11.0,56.2,59.65,52.75,2400.0,3
NP15 EZ Gen DA LMP Peak,2025.0,11.0,51.725,59.0,41.0,24000.0,51
Mid C Peak,2025.0,11.0,44.292142857142856,58.5,32.0,250400.0,463
SP15 EZ Gen DA LMP Peak,2025.0,11.0,39.51199999999999,48.0,24.75,230000.0,365
Palo Verde Peak,2025.0,11.0,35.2,47.5,17.0,52800.0,104
Nepool MH DA LMP Peak,2025.0,12.0,141.33647058823527,215.0,54.0,191200.0,226
PJM WH Real Time Peak,2025.0,12.0,76.962,175.0,34.0,630400.0,770
Indiana Hub RT Peak,2025.0,12.0,58.300000000000004,73.0,48.15,3200.0,4
NP15 EZ Gen DA LMP Peak,2025.0,12.0,47.70333333333333,61.5,30.0,26000.0,64
SP15 EZ Gen DA LMP Peak,2025.0,12.0,36.9465,47.0,23.5,347200.0,621
Palo Verde Peak,2025.0,12.0,29.247500000000002,51.0,19.0,64800.0,133
Mid C Peak,2025.0,12.0,28.752499999999998,57.0,12.0,484800.0,892
Indiana Hub RT Peak,2026.0,1.0,258.3333333333333,350.0,120.0,4800.0,6
PJM WH Real Time Peak,2026.0,1.0,198.50736842105263,1375.0,30.25,472000.0,581
Nepool MH DA LMP Peak,2026.0,1.0,185.98235294117646,700.0,64.0,128800.0,152
NP15 EZ Gen DA LMP Peak,2026.0,1.0,38.92888888888889,65.0,22.0,33600.0,78
SP15 EZ Gen DA LMP Peak,2026.0,1.0,32.592777777777776,85.0,15.25,401200.0,633
Palo Verde Peak,2026.0,1.0,31.668888888888887,110.0,15.0,86000.0,174
Mid C Peak,2026.0,1.0,27.19222222222222,80.0,10.0,426400.0,797
Nepool MH DA LMP Peak,2026.0,2.0,121.89111111111112,310.0,52.0,178400.0,210
PJM WH Real Time Peak,2026.0,2.0,72.58666666666666,280.0,37.0,523200.0,637
Indiana Hub RT Peak,2026.0,2.0,43.739999999999995,50.2,37.5,2400.0,3
NP15 EZ Gen DA LMP Peak,2026.0,2.0,26.726,32.75,18.0,10800.0,21
Mid C Peak,2026.0,2.0,23.18470588235294,34.0,8.0,319600.0,621
SP15 EZ Gen DA LMP Peak,2026.0,2.0,20.506470588235295,35.5,5.0,343600.0,477
Palo Verde Peak,2026.0,2.0,19.32294117647059,33.5,5.0,89200.0,153
PJM WH Real Time Peak,2026.0,3.0,57.484,105.0,41.35,407200.0,493
Nepool MH DA LMP Peak,2026.0,3.0,47.853529411764704,70.0,33.65,120800.0,146
Indiana Hub RT Peak,2026.0,3.0,44.69,45.75,43.75,3200.0,4
NP15 EZ Gen DA LMP Peak,2026.0,3.0,22.462222222222223,34.75,11.0,27600.0,56
Palo Verde Peak,2026.0,3.0,21.6205,42.0,3.0,128800.0,238
SP15 EZ Gen DA LMP Peak,2026.0,3.0,12.501000000000001,25.5,2.0,349200.0,574
Mid C Peak,2026.0,3.0,12.1,25.0,-1.0,390000.0,728
PJM WH Real Time Peak,2026.0,4.0,66.05235294117648,125.0,44.95,434400.0,515
Nepool MH DA LMP Peak,2026.0,4.0,49.79352941176471,67.25,35.25,232800.0,277
Indiana Hub RT Peak,2026.0,4.0,47.23666666666667,49.5,45.2,7200.0,9
NP15 EZ Gen DA LMP Peak,2026.0,4.0,12.131428571428572,24.0,6.0,12000.0,28
Palo Verde Peak,2026.0,4.0,11.215555555555556,27.0,1.0,78800.0,152
Mid C Peak,2026.0,4.0,10.050555555555555,21.0,-0.25,392400.0,783
SP15 EZ Gen DA LMP Peak,2026.0,4.0,2.301111111111111,10.0,-3.0,222400.0,353
PJM WH Real Time Peak,2026.0,5.0,51.2725,73.75,41.25,173600.0,204
Nepool MH DA LMP Peak,2026.0,5.0,48.87125,62.0,43.75,73600.0,89
Indiana Hub RT Peak,2026.0,5.0,37.5,39.0,36.0,1600.0,2
NP15 EZ Gen DA LMP Peak,2026.0,5.0,30.5,33.5,27.5,1600.0,4
Palo Verde Peak,2026.0,5.0,25.7975,46.0,14.0,56400.0,114
Mid C Peak,2026.0,5.0,22.135,45.0,0.0,168800.0,396
SP15 EZ Gen DA LMP Peak,2026.0,5.0,7.5925,25.0,-3.0,139200.0,253
